{
  "initial_balance": 5000.0,
  "final_portfolio_value": 5014.31768614132,
  "total_return": 14.317686141320337,
  "return_percentage": 0.28635372282640675,
  "max_value": 5402.6431008499185,
  "min_value": 4934.244211711477,
  "total_trades": 36,
  "trading_days": 31,
  "target_met": false
}