{
  "timestamp": "2025-07-24T22:36:22.481556",
  "quant_analysis": {
    "portfolio_metrics": {
      "total_value": 190.1920514335306,
      "number_of_positions": 10,
      "max_position_size": 35.42007908020808,
      "hhi_concentration": 0.20318780885829468,
      "diversification_ratio": 0.7968121911417053,
      "crypto_allocation": 99.19554997778931,
      "cash_allocation": 0.804450022210688,
      "concentration_risk": "MODERATE"
    },
    "asset_analysis": {
      "BONK": {
        "annual_return": 0.8266407292972,
        "annual_volatility": 1.2087318482212643,
        "sharpe_ratio": 0.683890914691841,
        "sortino_ratio": 1.4692533718179928,
        "max_drawdown": -0.8148148198051834,
        "var_5": -0.09999994543031654,
        "beta": 0,
        "current_allocation": 5.581121212417592
      },
      "CRV": {
        "annual_return": 1.446244491586049,
        "annual_volatility": 1.0207711865777853,
        "sharpe_ratio": 1.4168155514211722,
        "sortino_ratio": 2.515081745726316,
        "max_drawdown": -0.7076168463255434,
        "var_5": -0.08488218846114834,
        "beta": 0,
        "current_allocation": 0.998828335678122
      },
      "ETH.F": {
        "annual_return": 0.2745402030818115,
        "annual_volatility": 0.6213283945201906,
        "sharpe_ratio": 0.4418600622522975,
        "sortino_ratio": 0.6889449949428635,
        "max_drawdown": -0.6323957203281365,
        "var_5": -0.05747405160367192,
        "beta": 0,
        "current_allocation": 18.119804962552422
      },
      "SOL.F": {
        "annual_return": 0.2750061703895876,
        "annual_volatility": 0.7118758512808853,
        "sharpe_ratio": 0.386311981077552,
        "sortino_ratio": 0.6317112076609979,
        "max_drawdown": -0.5970814063900629,
        "var_5": -0.06440407386706268,
        "beta": 0,
        "current_allocation": 14.509094453501866
      },
      "USDG.F": {
        "annual_return": 5.02765788211545,
        "annual_volatility": 2.803125695651297,
        "sharpe_ratio": 1.7935898807232367,
        "sortino_ratio": 3.0225701677328987,
        "max_drawdown": -0.6617063999282282,
        "var_5": -0.2204993083383425,
        "beta": 0,
        "current_allocation": 11.173700120389675
      },
      "XTZ.F": {
        "annual_return": 0.46022423435627713,
        "annual_volatility": 0.9039050323710297,
        "sharpe_ratio": 0.5091510920666795,
        "sortino_ratio": 0.9634245802817276,
        "max_drawdown": -0.7256943790756973,
        "var_5": -0.07325379005064883,
        "beta": 0,
        "current_allocation": 4.284283007550193
      },
      "XXBT": {
        "annual_return": 0.47057240105957926,
        "annual_volatility": 0.4052030763318931,
        "sharpe_ratio": 1.1613248480723368,
        "sortino_ratio": 1.8797262596233586,
        "max_drawdown": -0.2814447811620797,
        "var_5": -0.036417561190282645,
        "beta": 0,
        "current_allocation": 35.42007908020808
      },
      "XXDG": {
        "annual_return": 0.7454804617103137,
        "annual_volatility": 0.8376585428283381,
        "sharpe_ratio": 0.8899574511509345,
        "sortino_ratio": 1.5156477517720097,
        "max_drawdown": -0.6958957607150816,
        "var_5": -0.08120796108704612,
        "beta": 0,
        "current_allocation": 7.79244503414552
      },
      "ZUSD": {
        "annual_return": 0.8494549087766742,
        "annual_volatility": 0.9542216259446252,
        "sharpe_ratio": 0.8902071444207336,
        "sortino_ratio": 1.187626538491688,
        "max_drawdown": -0.6167409818439487,
        "var_5": -0.09514992532044549,
        "beta": 0,
        "current_allocation": 0.804450022210688
      }
    },
    "risk_metrics": {
      "portfolio_var_5": -0.06309026952272251,
      "portfolio_volatility": 0.9355514230838549,
      "risk_level": "HIGH"
    },
    "performance_metrics": {
      "performance_1m": 0.33284202611100044,
      "performance_3m": 0.4624052621656757,
      "annualized_3m": 1.8496210486627027
    },
    "correlation_analysis": {
      "avg_correlation": 0.3404781324436583,
      "highest_correlation": {
        "asset1": "ETH.F",
        "asset2": "XXDG",
        "correlation": 0.8254729159993979
      },
      "lowest_correlation": {
        "asset1": "USDG.F",
        "asset2": "XXBT",
        "correlation": -0.09025704592236126
      },
      "diversification_benefit": "MODERATE"
    },
    "technical_indicators": {
      "BONK": {
        "sma_20": 2.856278324543382e-05,
        "sma_50": 2.036511328697088e-05,
        "rsi": 61.54820871647148,
        "momentum_20d": 69.76665237004757,
        "trend": "BULLISH"
      },
      "CRV": {
        "sma_20": 0.7637574523687363,
        "sma_50": 0.6543576204776764,
        "rsi": 80.05861928211337,
        "momentum_20d": 96.00246114187804,
        "trend": "BULLISH"
      },
      "ETH.F": {
        "sma_20": 3173.7145874023436,
        "sma_50": 2772.9774169921875,
        "rsi": 80.58653451948521,
        "momentum_20d": 42.215520282221156,
        "trend": "BULLISH"
      },
      "SOL.F": {
        "sma_20": 169.37485961914064,
        "sma_50": 156.82938720703126,
        "rsi": 59.261456650516955,
        "momentum_20d": 20.718449993437254,
        "trend": "BULLISH"
      },
      "USDG.F": {
        "sma_20": 8.627930188179016,
        "sma_50": 6.670883264541626,
        "rsi": 38.670608421501136,
        "momentum_20d": -3.247024428219302,
        "trend": "NEUTRAL"
      },
      "XTZ.F": {
        "sma_20": 0.7125413477420807,
        "sma_50": 0.614171758890152,
        "rsi": 68.07384272329229,
        "momentum_20d": 61.33200017280873,
        "trend": "BULLISH"
      },
      "XXBT": {
        "sma_20": 115829.49296875,
        "sma_50": 110037.78203125,
        "rsi": 48.276698097013494,
        "momentum_20d": 6.628461891216508,
        "trend": "NEUTRAL"
      },
      "XXDG": {
        "sma_20": 0.2116374686360359,
        "sma_50": 0.18764880836009978,
        "rsi": 60.74433490695215,
        "momentum_20d": 36.48787153462861,
        "trend": "BULLISH"
      },
      "ZUSD": {
        "sma_20": 77.93899955749512,
        "sma_50": 66.71705581665039,
        "rsi": 68.30893483009092,
        "momentum_20d": 15.363319687364834,
        "trend": "BULLISH"
      }
    }
  },
  "ai_analysis": {
    "portfolio_overview": {
      "total_value": 0,
      "number_of_positions": 0,
      "largest_position": 0,
      "smallest_position": 0,
      "average_position": 0,
      "diversification_score": 0,
      "concentration_risk": "UNKNOWN",
      "asset_types": {
        "crypto": 0,
        "stablecoins": 0,
        "other": 0
      }
    },
    "technical_signals": {
      "SOL.F": {
        "signal": "HOLD",
        "strength": 0.07397257142185282,
        "risk_level": "LOW",
        "confidence": 0.59,
        "learning_factor": 0.8
      }
    },
    "ml_predictions": {},
    "sentiment_analysis": {},
    "risk_assessment": {
      "overall_risk_score": 0.75,
      "risk_factors": [
        {
          "type": "HIGH_PORTFOLIO_RISK",
          "description": "Portfolio shows elevated risk levels across multiple assets",
          "severity": "HIGH"
        }
      ],
      "risk_metrics": {
        "assets": {
          "ml_risk_score": 0.5,
          "sentiment_risk": 1,
          "combined_risk": 0.75
        },
        "total_value_usd": {
          "ml_risk_score": 0.5,
          "sentiment_risk": 1,
          "combined_risk": 0.75
        },
        "fetch_timestamp": {
          "ml_risk_score": 0.5,
          "sentiment_risk": 1,
          "combined_risk": 0.75
        },
        "data_source": {
          "ml_risk_score": 0.5,
          "sentiment_risk": 1,
          "combined_risk": 0.75
        },
        "failed_assets": {
          "ml_risk_score": 0.5,
          "sentiment_risk": 1,
          "combined_risk": 0.75
        },
        "successful_mappings": {
          "ml_risk_score": 0.5,