{
  "KOLD": {
    "shares": 33.56939012260579,
    "avg_price": 23.83123426068072,
    "category": "energy"
  }
}